neighborhood,sale_price_sqr_foot
Union Square District,903.9932576720645
Merced Heights,788.8448175872469
Miraloma Park,779.810842264425
Pacific Heights,689.5558168113664
Westwood Park,687.0875745178322
Telegraph Hill,676.5065775293257
Presidio Heights,675.3502120510033
Cow Hollow,665.9640415783227
Potrero Hill,662.0136128276529
South Beach,650.1244791945729
